{
  "preprocessing": {
    "status": "completed",
    "input_shape": [
      720,
      62
    ],
    "features_created": 60,
    "output_file": "../../models/preprocessed_data.csv"
  },
  "lstm": {
    "status": "completed",
    "model_path": "../../models/lstm_flood_forecaster.h5",
    "metrics": {
      "regression": {
        "mse": 78.84156085483555,
        "rmse": 8.879277045730444,
        "mae": 5.768786324788839,
        "r2": -0.41239222079602533,
        "explained_variance": -0.07311034146283113,
        "mape": 0.0814681751696214,
        "mean_residual": 4.3519137634015825,
        "std_residual": 7.739664556733155,
        "max_error": 34.75071868896484,
        "median_absolute_error": 3.815354919433588,
        "normalized_rmse": 0.25225218879916034,
        "normalized_mae": 0.16388597513604658
      },
      "flood_classification": {
        "precision": 0,
        "recall": 0.0,
        "accuracy": 0.9357142857142857,
        "f1_score": 0,
        "true_flood_events": "9",
        "pred_flood_events": "0",
        "false_alarms": "0",
        "missed_floods": "9"
      }
    },
    "training_history": {
      "loss": [
        0.7137197852134705,
        0.34624505043029785,
        0.21488125622272491,
        0.15570294857025146,
        0.1298617124557495,
        0.1169491559267044,
        0.10234279185533524,
        0.0981624647974968,
        0.09111272543668747,
        0.08340910822153091,
        0.06917078793048859,
        0.07564374804496765,
        0.05198192223906517,
        0.05624211207032204,
        0.0550759918987751,
        0.054766807705163956,
        0.04437930881977081,
        0.043291013687849045,
        0.04916110262274742,
        0.04010150954127312,
        0.034213751554489136,
        0.04629281163215637,
        0.03973318636417389,
        0.031207827851176262,
        0.03191487491130829,
        0.03210560604929924,
        0.025561613962054253,
        0.032228291034698486,
        0.027001118287444115,
        0.030367588624358177,
        0.02906963787972927,
        0.031157897785305977
      ],
      "mae": [
        0.6679065227508545,
        0.4685964584350586,
        0.36709660291671753,
        0.30759498476982117,
        0.28326621651649475,
        0.2593635320663452,
        0.24989810585975647,
        0.23843605816364288,
        0.23543468117713928,
        0.21771471202373505,
        0.2071511596441269,
        0.21062809228897095,
        0.17686882615089417,
        0.18346887826919556,
        0.1790252923965454,
        0.180726557970047,
        0.16058269143104553,
        0.16122286021709442,
        0.16541564464569092,
        0.1516849547624588,
        0.14099861681461334,
        0.16580039262771606,
        0.14945675432682037,
        0.13514631986618042,
        0.1297852098941803,
        0.1337808519601822,
        0.12512582540512085,
        0.13610826432704926,
        0.12619663774967194,
        0.13291220366954803,
        0.12552565336227417,
        0.13099949061870575
      ],
      "val_loss": [
        0.034066177904605865,
        0.02538968250155449,
        0.020937299355864525,
        0.020869091153144836,
        0.021420445293188095,
        0.021731866523623466,
        0.02097368985414505,
        0.020701833069324493,
        0.019358061254024506,
        0.020662860944867134,
        0.020190270617604256,
        0.019332850351929665,
        0.017848903313279152,
        0.016087377443909645,
        0.015066358260810375,
        0.014840621501207352,
        0.013986299745738506,
        0.015340377576649189,
        0.018235167488455772,
        0.020871594548225403,
        0.022897103801369667,
        0.018433760851621628,
        0.017414994537830353,
        0.018647484481334686,
        0.02081999182701111,
        0.024197090417146683,
        0.024420546367764473,
        0.024383774027228355,
        0.026652052998542786,
        0.028186170384287834,
        0.029110684990882874,
        0.03007165715098381
      ],
      "val_mae": [
        0.14885570108890533,
        0.12816613912582397,
        0.12201690673828125,
        0.1247599869966507,
        0.12840217351913452,
        0.12940813601016998,
        0.12607842683792114,
        0.12380753457546234,
        0.11445394158363342,
        0.11956961452960968,
        0.11839984357357025,
        0.10878536105155945,
        0.10327000916004181,
        0.08820547163486481,
        0.09414060413837433,
        0.08754793554544449,
        0.085244320333004,
        0.0874565839767456,
        0.09471382945775986,
        0.10063859820365906,
        0.10457820445299149,
        0.09969139099121094,
        0.09596741944551468,
        0.105155348777771,
        0.1114615723490715,
        0.12000859528779984,
        0.11952335387468338,
        0.12162621319293976,
        0.1258305311203003,
        0.12989084422588348,
        0.13126353919506073,
        0.13399282097816467
      ],
      "learning_rate": [
        0.0010000000474974513,
        0.0010000000474974513,
        0.0010000000474974513,
        0.0010000000474974513,
        0.0010000000474974513,
        0.0010000000474974513,
        0.0010000000474974513,
        0.0010000000474974513,
        0.0010000000474974513,
        0.0010000000474974513,
        0.0010000000474974513,
        0.0010000000474974513,
        0.0010000000474974513,
        0.0010000000474974513,
        0.0010000000474974513,
        0.0010000000474974513,
        0.0010000000474974513,
        0.0010000000474974513,
        0.0010000000474974513,
        0.0010000000474974513,
        0.0010000000474974513,
        0.0010000000474974513,
        0.0010000000474974513,
        0.0010000000474974513,
        0.0005000000237487257,
        0.0005000000237487257,
        0.0005000000237487257,
        0.0005000000237487257,
        0.0005000000237487257,
        0.0005000000237487257,
        0.0005000000237487257,
        0.0002500000118743628
      ]
    },
    "data_splits": {
      "train_size": 417,
      "val_size": 139,
      "test_size": 140
    }
  },
  "yolo": {
    "status": "completed",
    "model_loaded": true,
    "model_path": "../../models/yolo_model.pt",
    "fallback_used": false,
    "test_detection": "success"
  },
  "metadata": {
    "pipeline_version": "1.0.0",
    "timestamp": "2025-11-22T15:34:37.139588",
    "config": {
      "data": {
        "input_file": "../../data/DATASET_FINAL_TRAINING.csv",
        "target_column": "tma_manggarai",
        "features": [
          "hujan_bogor",
          "hujan_jakarta"
        ]
      },
      "lstm": {
        "sequence_length": 24,
        "lstm_units": [
          64,
          32,
          16
        ],
        "dropout_rate": 0.2,
        "learning_rate": 0.001,
        "epochs": 50,
        "batch_size": 32,
        "test_size": 0.2,
        "val_size": 0.2,
        "patience": 15
      },
      "features": {
        "lag_hours": [
          1,
          2,
          3,
          6,
          12,
          24
        ],
        "rolling_windows": [
          3,
          6,
          12,
          24
        ],
        "tma_lags": [
          1,
          2,
          3,
          6
        ],
        "create_time_features": true,
        "create_rainfall_combinations": true
      },
      "yolo": {
        "model_path": "../../models/yolo_model.pt",
        "confidence_threshold": 0.5,
        "device": "auto"
      },
      "output": {
        "models_dir": "../../models",
        "lstm_model_name": "lstm_flood_forecaster.h5",
        "results_file": "training_results.json",
        "plots_dir": "../../plots"
      }
    }
  }
}